date,times_accessed,username
2017-12-12,1,qianginner
2017-12-13,2,rutcolonize
2017-12-13,13,pouldyvillage
2017-12-14,7,salvationvirus
2017-12-14,12,mouthguardbrigadier
2017-12-14,1,objectnumerous
2017-12-14,9,kingstondome
2017-12-15,12,collectedpolice
2017-12-15,3,sigmagrateful
2017-12-15,3,uncorkragged
2017-12-15,9,woubletutton
2017-12-16,9,willowbartender
2017-12-16,11,wildmonomial
2017-12-16,6,nuggetdartford
2017-12-17,1,videoace
2017-12-18,13,hunterhurry
2017-12-18,9,squatteralatna
2017-12-19,14,gardengerbil
2017-12-19,9,trowelspoiler
2017-12-19,4,assuredcordial
2017-12-19,9,pestledollar
2017-12-20,11,woubletutton
2017-12-20,3,florencecopal
2017-12-20,2,overtlyambulance
2017-12-20,5,anaerobicaxis
2017-12-21,12,turntdeception
2017-12-21,6,atomgaseous
2017-12-22,2,positronillusion
2017-12-23,8,acousticgullible
2017-12-24,10,bunionlancome
2017-12-25,2,elsdonslipway
2017-12-25,2,spacebeer
2017-12-26,1,eithergaping
2017-12-27,7,vaultingblow
2017-12-28,4,simplisticboogieman
2017-12-29,8,engineeringbrails
2017-12-29,5,brinkambulance
2017-12-29,5,tidymillie
2017-12-30,8,movestony
2017-12-31,11,nuggetdartford
2017-12-31,9,vertebraeflummox
2017-12-31,13,engineeringbrails
2018-01-01,8,ariesturkish
2018-01-02,4,objectskyrocket
2018-01-02,6,wildmonomial
2018-01-02,4,heavilytackle
2018-01-03,10,teacherscrib
2018-01-04,13,simplisticboogieman
2018-01-05,14,oftooden
2018-01-05,1,banksysnuffy
2018-01-05,2,volumesturkey
2018-01-06,8,carnotcarded
2018-01-06,6,chicolateeleonora
2018-01-06,11,burlycheesecloth
2018-01-07,1,rutlandbaptop
2018-01-08,10,enunciatethat
2018-01-08,14,sheepalwen
2018-01-09,13,bathbasis
2018-01-09,1,sweatitalics
2018-01-09,3,hullabaloosorn
2018-01-09,12,tikiharelaw
2018-01-10,6,nanosecondzestfully
2018-01-10,5,governessracehorse
2018-01-11,10,elephantguidable
2018-01-12,6,bootsjoyous
2018-01-12,12,teoproblems
2018-01-12,12,cohesiveapplied
2018-01-12,13,occupationlatte
2018-01-13,3,chuffersecluding
2018-01-14,3,regulatorbittersweet
2018-01-14,5,certaintyage
2018-01-14,9,aussiposture
2018-01-15,11,skippyclaypole
2018-01-15,11,pimneycountry
2018-01-16,5,pogotriangulum
2018-01-16,9,unbittenhumbing
2018-01-17,8,andesmoldwarp
2018-01-17,9,headsetjokes
2018-01-18,3,craftworknarnish
2018-01-18,1,letterslot
2018-01-18,3,quartileenthralled
2018-01-18,7,boxingchief
2018-01-19,14,ballasterpetticoat
2018-01-19,12,coigachvixen
2018-01-19,8,editorflamboyant
2018-01-20,10,beakprove
2018-01-20,6,hutobjective
2018-01-20,8,curablegradient
2018-01-20,5,trysailshush
2018-01-21,5,appledinghy
2018-01-21,7,yaftyflunch
2018-01-21,9,pelvisharrier
2018-01-22,7,skidatom
2018-01-22,4,raddecross
2018-01-22,3,mumpledchain
2018-01-23,6,umbrellapassionate
2018-01-23,5,inboxengagement
2018-01-23,14,letbanging
2018-01-24,8,chestscutum
2018-01-24,6,johnnodules
2018-01-24,1,kidderminstersimilarly
2018-01-25,13,kerfufflerecolor
2018-01-25,1,mettledmadison
2018-01-25,1,enunciatethat
2018-01-26,2,heliumjeep
2018-01-26,5,lipcasing
2018-01-26,14,yaldsonelevating
2018-01-27,1,paternitylevers
2018-01-27,10,fancydistorted
2018-01-28,11,fiftyanaconda
2018-01-28,9,kittysmith
2018-01-29,3,josephpaced
2018-01-29,9,vacuumporpoise
2018-01-30,5,camanchiobligate
2018-01-31,6,bunionlancome
2018-01-31,11,kidderminstersimilarly
2018-01-31,1,wharfbullfrog
2018-01-31,1,regulatorbittersweet
2018-02-01,3,quiltseptum
2018-02-02,4,guangzhoustage
2018-02-02,12,economylinx
2018-02-02,10,soggytrumpet
2018-02-03,14,twiddlequote
2018-02-03,10,headlampfuneral
2018-02-04,1,viewlesscamping
2018-02-04,12,keptergot
2018-02-04,1,crushericecream
2018-02-05,8,lunchboxusway
2018-02-05,12,saltedpotassium
2018-02-05,13,bapstrucker
2018-02-06,9,oscillatorpawn
2018-02-06,7,spinetable
2018-02-07,8,recordkung
2018-02-07,4,chesterplow
2018-02-07,13,nicopark
2018-02-07,10,exitwing
2018-02-08,3,domregexp
2018-02-08,9,saddlehaddock
2018-02-09,7,dauntingcarve
2018-02-09,11,motionlessbeamer
2018-02-10,13,levitateacts
2018-02-10,13,appearedfinishing
2018-02-11,10,beakprove
2018-02-11,7,atomgaseous
2018-02-11,5,turmoilumber
2018-02-11,11,lunchboxusway
2018-02-12,6,grapetider
2018-02-12,9,footingcry
2018-02-12,8,lillytengmalm
2018-02-13,10,troublebosun
2018-02-14,10,bunionlancome
2018-02-15,7,paneltheology
2018-02-15,14,continuomiced
2018-02-15,14,whoopingcapsule
2018-02-16,3,florencecopal
2018-02-17,14,thenbath
2018-02-17,6,dairycasimir
2018-02-18,5,curlyarchean
2018-02-18,7,machriemoondance
2018-02-18,12,headsetjokes
2018-02-19,3,overtlyambulance
2018-02-19,1,silentirrigate
2018-02-19,8,roboticdramatic
2018-02-19,5,goosanderbacking
2018-02-20,10,novarecast
2018-02-21,7,josephpaced
2018-02-21,10,hodgkinshower
2018-02-21,3,femalebrazen
2018-02-21,4,qianginner
2018-02-22,6,designedcivil
2018-02-22,6,unfeelingsciences
2018-02-23,6,modernlobley
2018-02-24,6,hoffeedesktop
2018-02-24,12,punchwall
2018-02-25,11,practicalmoorhen
2018-02-25,2,equalwheelchair
2018-02-25,14,bootylowley
2018-02-25,7,ipodstarboard
2018-02-26,1,pastelined
2018-02-27,14,ladderembassy
2018-02-27,2,loggertipalt
2018-02-28,14,refuseangel
2018-02-28,1,caponkalio
2018-02-28,5,giftjellied
2018-02-28,9,spacebeer
2018-03-01,6,aussiposture
2018-03-02,3,hampshireroman
2018-03-03,4,heliumjeep
2018-03-03,2,novarecast
2018-03-03,8,ambivalentunplowed
2018-03-04,11,eithergaping
2018-03-04,2,pagerebenezer
2018-03-04,4,levenjingles
2018-03-05,14,skippyclaypole
2018-03-05,4,carbaton
2018-03-06,11,turbotbickled
2018-03-06,11,greenclapper
2018-03-06,14,berwynwhiteadder
2018-03-06,14,fiddleagain
2018-03-07,11,assuredcordial
2018-03-08,11,soggytrumpet
2018-03-08,5,strakefrarched
2018-03-08,5,letbanging
2018-03-08,7,florencecopal
2018-03-09,3,andesmoldwarp
2018-03-09,2,viewlesscamping
2018-03-10,12,chemistryavocado
2018-03-10,12,objectnumerous
2018-03-10,12,competentamargosa
2018-03-11,11,urgingsacramento
2018-03-11,5,ubiquitypewter
2018-03-11,2,zitbeach
2018-03-12,12,reflectedgreet
2018-03-13,8,radishacrux
2018-03-13,5,humbleajax
2018-03-13,14,promendresser
2018-03-13,13,thrandalive
2018-03-14,1,producedrudge
2018-03-14,1,wandpreferred
2018-03-15,8,motionlessbeamer
2018-03-16,6,girdletwitch
2018-03-17,12,cohesiveapplied
2018-03-17,12,legalmacaw
2018-03-17,3,motionlessbeamer
2018-03-18,14,governessracehorse
2018-03-18,6,bridgegases
2018-03-18,8,fancydistorted
2018-03-19,7,exitwing
2018-03-20,11,remorsefulaphelion
2018-03-20,5,maltyinferometry
2018-03-20,4,gatcombekalman
2018-03-21,6,acquiremotley
2018-03-21,11,litigatemarvelous
2018-03-22,10,unscathedwandering
2018-03-23,8,appetizerfads
2018-03-24,4,teacherscrib
2018-03-24,1,pintowindows
2018-03-24,7,flyingcrown
2018-03-24,12,overtlyambulance
2018-03-25,1,ritecaspect
2018-03-25,9,snowlessthose
2018-03-25,11,leverswickfield
2018-03-25,1,placesyodel
2018-03-26,11,ballasterpetticoat
2018-03-26,8,methodschollop
2018-03-26,8,gulletfrancis
2018-03-26,1,wandpreferred
2018-03-27,10,pastillafinance
2018-03-27,11,objectnumerous
2018-03-27,2,donatedaudience
2018-03-27,5,projectorcomments
2018-03-28,13,suratsherbrooke
2018-03-28,8,indianapolisstadium
2018-03-29,8,gridleyneon
2018-03-29,6,mutualben
2018-03-29,6,signorbirdie
2018-03-29,4,nanosecondzestfully
2018-03-30,4,letbanging
2018-03-30,5,shortyverisopht
2018-03-30,7,divinelypoppy
2018-03-30,4,chopsticksvisor
2018-03-31,12,rendererserve
2018-03-31,5,gravymorleena
2018-03-31,2,headsetjokes
2018-04-01,12,thirsttox
2018-04-01,3,walkingchance
2018-04-02,5,nuttyannabell
2018-04-02,1,thusmoney
2018-04-02,2,secularpresence
2018-04-02,5,hodgeraymond
2018-04-03,1,uncorkragged
2018-04-03,4,backtalkdevotion
2018-04-04,4,quotationdeflector
2018-04-04,7,kindlingxyloid
2018-04-04,8,summersideprance
2018-04-05,14,raddecross
2018-04-06,4,muscaflypaper
2018-04-06,4,grapetider
2018-04-06,11,renegadefrench
2018-04-07,1,backtalkdevotion
2018-04-07,1,hencedamned
2018-04-08,1,venaticipymmes
2018-04-08,6,regulatorbittersweet
2018-04-08,5,taperingway
2018-04-08,12,slabhasty
2018-04-09,6,filamentmortified
2018-04-09,1,radishacrux
2018-04-10,3,ratsbaneniner
2018-04-11,11,jaspertottom
2018-04-11,12,unablesets
2018-04-11,3,pooschedule
2018-04-12,4,letbanging
2018-04-12,1,citricshooly
2018-04-12,13,fiberglassreshoot
2018-04-12,12,refuseangel
2018-04-13,8,spinetable
2018-04-13,1,squatteralatna
2018-04-13,1,bunionlancome
2018-04-13,11,logicalbuddy
2018-04-14,6,footingcry
2018-04-14,14,skippyclaypole
2018-04-14,11,bapstrucker
2018-04-14,1,quotationdeflector
2018-04-15,14,numptysand
2018-04-15,10,greenclapper
2018-04-16,5,lunchboxusway
2018-04-17,7,quizzicalmalvern
2018-04-17,12,atlanticboyz
2018-04-18,3,applicationaffidavit
2018-04-18,11,coigachvixen
2018-04-18,7,pensionjungee
2018-04-18,10,salvationvirus
2018-04-19,6,ratsbaneniner
2018-04-19,5,lollygagtessy
2018-04-19,11,simplifystymphalist
2018-04-19,12,ovalguess
2018-04-20,7,georgianahistory
2018-04-20,3,compressregular
2018-04-21,11,josephpaced
2018-04-21,13,ubiquitypewter
2018-04-21,14,suratsherbrooke
2018-04-21,5,andesmoldwarp
2018-04-22,4,gravymorleena
2018-04-22,4,pelvishumped
2018-04-23,8,fencemickness
2018-04-24,4,unveiledfried
2018-04-25,6,unbeatencimarron
2018-04-25,8,radishacrux
2018-04-26,14,machriemoondance
2018-04-26,3,breezytrickle
2018-04-26,7,ladderembassy
2018-04-26,5,femalebrazen
2018-04-27,5,rockedcylinder
2018-04-27,6,fishingsort
2018-04-27,3,oftooden
2018-04-28,1,pouldyvillage
2018-04-29,5,simplisticboogieman
2018-04-29,4,boyflared
2018-04-29,10,umbrellapassionate
2018-04-29,13,tacithorden
2018-04-30,4,ejectawealth
2018-05-01,1,thenbath
2018-05-01,6,urchindingbat
2018-05-01,4,bespawlerdrove
2018-05-01,14,oscillatorpawn
2018-05-02,5,muscaflypaper
2018-05-02,8,hannahpassion
2018-05-02,8,mediumsnowman
2018-05-02,5,soggytrumpet
2018-05-03,12,requestwarkened
2018-05-03,11,mirrorspecify
2018-05-03,4,archansushi
2018-05-03,12,emceediamond
2018-05-04,12,positronillusion
2018-05-04,11,tikiharelaw
2018-05-04,6,ritzyprints
2018-05-04,8,unashamedelevator
2018-05-05,11,pouldyvillage
2018-05-05,11,paneltheology
2018-05-05,6,eldoradopapyrus
2018-05-06,9,jaspertottom
2018-05-07,1,gravymorleena
2018-05-08,13,pelvisharrier
2018-05-08,1,coniclenticular
2018-05-08,5,boxingchief
2018-05-08,11,islamstemson
2018-05-09,3,teacherscrib
2018-05-09,2,jeepburp
2018-05-09,7,doubtprank
2018-05-10,5,needtry
2018-05-10,8,duffelcarry
2018-05-11,11,skatehamilton
2018-05-12,11,flawedbilled
2018-05-13,5,eldoradopapyrus
2018-05-13,11,puddingsking
2018-05-14,8,breezytrickle
2018-05-15,2,bootylowley
2018-05-15,8,plugbirst
2018-05-16,7,quizzicalmalvern
2018-05-16,2,activistconan
2018-05-17,3,duffelcarry
2018-05-17,1,bloodedauk
2018-05-18,7,motionlessbeamer
2018-05-19,4,goslingskylight
2018-05-19,14,caponkalio
2018-05-19,14,eggbeaterpager
2018-05-20,1,gnomishaseptic
2018-05-21,14,ambivalentunplowed
2018-05-21,3,renegadefrench
2018-05-21,5,jazzcare
2018-05-21,3,acredame
2018-05-22,3,rockedcylinder
2018-05-22,4,saddlehaddock
2018-05-22,9,dusterbacteria
2018-05-22,2,warksmagenta
2018-05-23,10,cavitytroubling
2018-05-23,6,litigatemarvelous
2018-05-23,9,boxingchief
2018-05-23,8,strakefrarched
2018-05-24,4,kindlingxyloid
2018-05-24,10,blushswin
2018-05-24,10,taperingway
2018-05-25,14,governessracehorse
2018-05-25,8,refuseangel
2018-05-25,8,kickstandrupert
2018-05-26,9,bootsoblongata
2018-05-27,3,refuseangel
2018-05-27,7,designedcivil
2018-05-27,12,crateunsalted
2018-05-27,8,movestony
2018-05-28,14,franksplash
2018-05-28,9,methodschollop
2018-05-29,10,saltybooze
2018-05-29,12,heliumjeep
2018-05-29,14,tresillianblinkered
2018-05-30,9,bespawlerdrove
2018-05-31,9,chicolateeleonora
2018-05-31,5,shelfcarve
2018-05-31,7,rustlejiji
2018-06-01,11,goslingskylight
2018-06-01,1,pantreading
2018-06-01,6,shelfcarve
2018-06-01,11,easiertungadal
2018-06-02,1,delayiroquois
2018-06-02,12,punchwall
2018-06-03,9,grapetider
2018-06-04,6,clapwhunctured
2018-06-05,5,ariesturkish
2018-06-06,6,possessivemeaning
2018-06-07,11,secularpresence
2018-06-07,4,diabloexact
2018-06-07,14,atomgaseous
2018-06-08,3,crageducated
2018-06-08,9,sheepalwen
2018-06-09,13,ritzyprints
2018-06-09,10,ubiquitypewter
2018-06-10,12,florencecopal
2018-06-10,1,assuredcordial
2018-06-10,10,vertebraeflummox
2018-06-10,8,lynebarbreck
2018-06-11,9,afocaleon
2018-06-12,12,remembertoboggan
2018-06-12,4,turbotbickled
2018-06-12,5,violindame
2018-06-13,6,needtry
2018-06-13,14,bowllimelight
2018-06-13,5,modethaging
2018-06-14,10,hatoperating
2018-06-15,4,doubtprank
2018-06-15,11,grapetider
2018-06-15,10,jadenbeta
2018-06-16,14,expergefactorsmartness
2018-06-16,4,quartileenthralled
2018-06-16,12,signorbirdie
2018-06-16,3,bloodedauk
2018-06-17,3,geldinggeorgia
2018-06-17,11,wordypure
2018-06-17,6,teoproblems
2018-06-18,7,avatarbattle
2018-06-19,1,auctionnicotine
2018-06-19,8,businesscomic
2018-06-19,4,gnomishaseptic
2018-06-19,13,sladderyperoxide
2018-06-20,8,uncorkragged
2018-06-21,2,slabhasty
2018-06-22,12,numbnessnaden
2018-06-22,5,hurryvines
2018-06-22,5,doughypresser
2018-06-23,12,recordkung
2018-06-24,1,crackitdonate
2018-06-24,13,unveiledfried
2018-06-24,6,possessivemeaning
2018-06-24,2,eithergaping
2018-06-25,6,morphinedurtrees
2018-06-26,9,spinetable
2018-06-27,12,coigachvixen
2018-06-27,1,guangzhoustage
2018-06-28,4,pastelined
2018-06-28,7,shieldchump
2018-06-29,6,canadianbook
2018-06-29,13,sowsefloating
2018-06-30,9,waferfit
2018-07-01,7,fertileschool
2018-07-02,4,certaintyage
2018-07-03,10,kilogramfaucet
2018-07-03,2,keptergot
2018-07-03,14,moltfragment
2018-07-03,11,chixribbit
2018-07-04,9,hodgeraymond
2018-07-05,11,patriarchfearful
2018-07-05,7,curlewdood
2018-07-06,12,domregexp
2018-07-06,10,identicalmalt
2018-07-06,12,linguiniboard
2018-07-07,7,sdraughtspeculate
2018-07-08,10,landmarkambulance
2018-07-09,9,pooschedule
2018-07-09,11,thrandalive
2018-07-09,9,nanosecondzestfully
2018-07-10,1,inboxengagement
2018-07-11,6,yaldsonelevating
2018-07-11,13,trowelspoiler
2018-07-12,14,footingcry
2018-07-12,4,puttdowdle
2018-07-13,2,gatcombekalman
2018-07-13,11,hoffeedesktop
2018-07-14,8,equivocalskier
2018-07-14,7,refuseangel
2018-07-15,8,strakefrarched
2018-07-15,10,swungtopeka
2018-07-16,14,southharpist
2018-07-17,4,drippyringtone
2018-07-18,6,excavatorjoker
2018-07-18,7,rockliketrend
2018-07-18,7,placesyodel
2018-07-19,8,objectskyrocket
2018-07-20,10,domregexp
2018-07-21,3,eggbeaterpager
2018-07-21,5,innocentshingles
2018-07-21,11,positronillusion
2018-07-21,10,waferfit
2018-07-22,6,trysailshush
2018-07-22,5,syringesboxer
2018-07-22,11,oatbiodiesel
2018-07-23,14,bloodedauk
2018-07-23,2,seducewindy
2018-07-24,10,oscillatorpawn
2018-07-25,2,calculateunwilling
2018-07-26,11,kilogramfaucet
2018-07-27,4,teacherscrib
2018-07-27,10,dangerrock
2018-07-28,3,logicalbuddy
2018-07-28,12,gravestreak
2018-07-28,5,bevanwapiti
2018-07-29,8,heavilytackle
2018-07-29,6,tidymillie
2018-07-29,5,gulletfrancis
2018-07-30,11,hannahpassion
2018-07-30,2,goosanderbacking
2018-07-30,6,toysyellowish
2018-07-30,5,optimisticresurface
2018-07-31,13,catchoveract
2018-07-31,5,ratsbaneniner
2018-07-31,7,rugthreatened
2018-08-01,11,gatcombekalman
2018-08-01,1,engineeringbrails
2018-08-02,10,breezytrickle
2018-08-02,9,savorcape
2018-08-03,13,geldinggeorgia
2018-08-03,14,filmparalyses
2018-08-03,1,urchindingbat
2018-08-03,11,assuredcordial
2018-08-04,2,bapstrucker
2018-08-04,12,calculateunwilling
2018-08-04,9,volumesturkey
2018-08-05,13,unglovedunshaved
2018-08-05,1,fertileschool
2018-08-05,11,bootylowley
2018-08-06,3,heavilytackle
2018-08-06,9,ratsbaneniner
2018-08-07,3,tacklingprint
2018-08-07,8,sigmagrateful
2018-08-08,13,sheepalwen
2018-08-08,1,simplisticboogieman
2018-08-08,11,flyingcrown
2018-08-09,1,hullabaloosorn
2018-08-09,8,pastelined
2018-08-09,2,unrobedcatching
2018-08-09,7,harnessimaging
2018-08-10,8,trowelspoiler
2018-08-10,1,quizzicalmalvern
2018-08-11,12,unbittenhumbing
2018-08-12,8,assuredcordial
2018-08-13,7,oscillatorpawn
2018-08-14,8,flawedbilled
2018-08-14,9,lanthanumfiftieth
2018-08-15,3,satiablevaliant
2018-08-15,12,sigmagrateful
2018-08-15,1,signorbirdie
2018-08-15,6,unbeatencimarron
2018-08-16,1,sheepalwen
2018-08-17,14,shawlmarinated
2018-08-17,11,lynebarbreck
2018-08-18,9,jazzsnickers
2018-08-18,13,hencedamned
2018-08-18,7,lanthanumfiftieth
2018-08-18,10,tocksjot
2018-08-19,4,eithergaping
2018-08-20,4,lunchboxusway
2018-08-21,13,jeepburp
2018-08-21,11,punchwall
2018-08-21,12,teethingbad
2018-08-21,14,lipcasing
2018-08-22,7,crackitdonate
2018-08-22,14,hippersfamelicose
2018-08-22,13,novarecast
2018-08-23,11,thirsttox
2018-08-23,5,mandrillpamphlet
2018-08-23,10,hannahpassion
2018-08-24,2,thrandalive
2018-08-24,12,geldinggeorgia
2018-08-25,14,fiberglassreshoot
2018-08-25,7,shetlandconnectdevelop
2018-08-26,6,kungunlocking
2018-08-26,3,cohesiveapplied
2018-08-27,11,sophiewhey
2018-08-27,12,magnesiumthundery
2018-08-27,7,zoologistkeep
2018-08-28,2,vertebraeflummox
2018-08-29,12,gardendecay
2018-08-29,8,humanistvoid
2018-08-29,11,saltybooze
2018-08-30,9,grottedgift
2018-08-31,11,breezytrickle
2018-08-31,3,tacklingprint
2018-08-31,5,kerfufflerecolor
2018-09-01,3,mixtapeblutting
2018-09-01,12,belovedswept
2018-09-02,14,wrenrawfish
2018-09-02,12,jazzcare
2018-09-03,8,hannahpassion
2018-09-03,4,mingemelody
2018-09-03,6,avatarbattle
2018-09-03,14,greaseerror
2018-09-04,6,pushcartbomping
2018-09-04,4,harmonypulp
2018-09-05,11,vastvitreous
2018-09-06,14,bapstrucker
2018-09-07,14,pastelined
2018-09-07,14,rutlandbaptop
2018-09-07,7,letterslot
2018-09-08,6,floppydragster
2018-09-08,7,unscrewinghinds
2018-09-08,13,raddecross
2018-09-08,1,interestsulphur
2018-09-09,9,paneltheology
2018-09-09,10,racialforearm
2018-09-09,12,pooschedule
2018-09-09,12,unbrokenteeming
2018-09-10,2,craftworknarnish
2018-09-11,11,tacithorden
2018-09-11,11,lucieboing
2018-09-11,10,robinschoolbook
2018-09-12,11,southharpist
2018-09-12,11,bitingpartners
2018-09-13,6,gulletfrancis
2018-09-13,5,gaiterstapestry
2018-09-13,10,bridgegases
2018-09-14,8,sendangling
2018-09-14,9,smoothsyndrome
2018-09-14,1,teethingbad
2018-09-15,12,florencecopal
2018-09-15,5,heliumjeep
2018-09-15,5,maggothallowed
2018-09-15,13,davidtwisted
2018-09-16,12,pushcartbomping
2018-09-17,11,gardendecay
2018-09-17,7,rockedcylinder
2018-09-17,11,methodschollop
2018-09-17,9,southharpist
2018-09-18,14,keptergot
2018-09-19,6,jollyspud
2018-09-19,3,oatbiodiesel
2018-09-20,9,richray
2018-09-20,11,rummageemphatic
2018-09-21,1,zitbeach
2018-09-22,8,vaultingblow
2018-09-23,7,interestsulphur
2018-09-24,12,belovedswept
2018-09-24,2,kilogramfaucet
2018-09-24,11,methodschollop
2018-09-24,7,unstoppednuzzle
2018-09-25,10,regulatorbittersweet
2018-09-25,2,legalmacaw
2018-09-26,7,eithergaping
2018-09-26,3,lovablelewd
2018-09-27,7,thusmoney
2018-09-27,7,causedwhale
2018-09-28,2,competentamargosa
2018-09-29,1,commotionpegboard
2018-09-29,4,sigmagrateful
2018-09-29,14,waferfit
2018-09-29,1,ladderembassy
2018-09-30,6,zitbeach
2018-10-01,7,fibroidspage
2018-10-01,6,trysailshush
2018-10-02,13,pastillafinance
2018-10-02,5,bootylowley
2018-10-03,4,versussymmetry
2018-10-03,7,vacuumporpoise
2018-10-03,3,kickstandrupert
2018-10-03,13,twiddlequote
2018-10-04,12,stuffcrawling
2018-10-04,14,expergefactorsmartness
2018-10-05,3,shawlmarinated
2018-10-05,2,requestwarkened
2018-10-06,4,saltedpotassium
2018-10-06,7,bowllimelight
2018-10-06,1,locusepilepsy
2018-10-07,11,moltfragment
2018-10-08,11,keptergot
2018-10-09,13,flyingcrown
2018-10-09,2,giftjellied
2018-10-09,14,venaticipymmes
2018-10-10,10,quartileenthralled
2018-10-10,10,summersideprance
2018-10-11,8,tacklingprint
2018-10-12,11,fiberglassreshoot
2018-10-12,6,discolorboastful
2018-10-13,3,hibiscusdeltoid
2018-10-13,13,perseusbondless
2018-10-13,2,stuffcrawling
2018-10-13,13,thusmoney
2018-10-14,11,landlessdrynoch
2018-10-14,9,goslingskylight
2018-10-15,4,spacersrecall
2018-10-16,4,camanchiobligate
2018-10-16,8,doughyshy
2018-10-17,10,abroadcompression
2018-10-18,12,chemistryavocado
2018-10-18,5,oscillatorpawn
2018-10-18,5,backtalkdevotion
2018-10-19,13,rejoiceseal
2018-10-19,2,crateunsalted
2018-10-19,7,continuomiced
2018-10-19,8,gargeryhardpan
2018-10-20,10,shawlmarinated
2018-10-20,5,delayiroquois
2018-10-20,8,signorbirdie
2018-10-20,12,fertileschool
2018-10-21,2,gaiterstapestry
2018-10-21,3,sweatdash
2018-10-21,10,motionlessbeamer
2018-10-21,9,exitwing
2018-10-22,7,hunterhurry
2018-10-23,6,degreemusic
2018-10-24,14,viewlesscamping
2018-10-24,9,taperingway
2018-10-25,8,salempushpin
2018-10-25,14,humbleajax
2018-10-26,11,slushystiff
2018-10-27,14,savannatekton
2018-10-27,4,rustlejiji
2018-10-28,4,detailwashcloth
2018-10-28,5,turntdeception
2018-10-28,12,eyeballsincubate
2018-10-28,10,sphericalbee
2018-10-29,4,smoothsyndrome
2018-10-29,3,morphinedurtrees
2018-10-29,8,vacuumporpoise
2018-10-30,14,punchwall
2018-10-31,7,filamentmortified
2018-11-01,13,projectorcomments
2018-11-01,5,urchindingbat
2018-11-01,13,pelvisharrier
2018-11-01,1,tikiharelaw
2018-11-02,12,eithergaping
2018-11-02,1,brandyoctober
2018-11-02,12,jollyspud
2018-11-02,5,hunterhurry
2018-11-03,12,azaleauptake
2018-11-03,10,bundevaraequal
2018-11-03,12,bowllimelight
2018-11-04,9,ladderembassy
2018-11-04,10,optimisticresurface
2018-11-05,12,snowlessthose
2018-11-05,13,robinschoolbook
2018-11-05,2,causedwhale
2018-11-05,3,wandpreferred
2018-11-06,10,premiumskimmed
2018-11-06,6,pelvishumped
2018-11-06,2,rugthreatened
2018-11-06,11,quiltseptum
2018-11-07,9,islamstemson
2018-11-07,12,rustlejiji
2018-11-08,6,blazerache
2018-11-08,12,velaendurable
2018-11-09,3,shrugdependable
2018-11-09,5,hicnicquizzical
2018-11-09,3,josephpaced
2018-11-10,8,shelfcarve
2018-11-11,10,shakilymonks
2018-11-12,14,crushericecream
2018-11-12,6,leftsediment
2018-11-13,12,movestony
2018-11-13,1,premiumskimmed
2018-11-14,2,rowdyscariness
2018-11-14,11,zygomaticfries
2018-11-14,2,fonbirewrist
2018-11-15,5,saladilmenite
2018-11-15,10,economylinx
2018-11-15,2,bespawlerdrove
2018-11-15,4,bootylowley
2018-11-16,3,flawedbilled
2018-11-16,10,bulphpinhook
2018-11-16,10,tycoonriley
2018-11-16,6,unfeelingsciences
2018-11-17,9,azaleauptake
2018-11-17,8,shelfcarve
2018-11-17,2,gridleyneon
2018-11-17,5,atomgaseous
2018-11-18,6,kidderminstersimilarly
2018-11-19,1,letbanging
2018-11-19,9,nuttyannabell
2018-11-19,10,bootylowley
2018-11-20,10,suratsherbrooke
2018-11-20,12,linkedinthump
2018-11-21,10,centurypetunia
2018-11-21,3,vitalizeoperator
2018-11-21,13,summersideprance
2018-11-21,4,practicalmoorhen
2018-11-22,7,corralsamantha
2018-11-22,14,crackitdonate
2018-11-22,10,walkingchance
2018-11-23,11,levitateacts
2018-11-23,9,wheeringchowder
2018-11-23,5,girdletwitch
2018-11-23,9,sendangling
2018-11-24,8,leverswickfield
2018-11-24,12,interestsulphur
2018-11-24,12,supersetjunkie
2018-11-24,2,pintowindows
2018-11-25,10,bulphpinhook
2018-11-25,13,taperingway
2018-11-26,3,premiumskimmed
2018-11-26,13,calculateunwilling
2018-11-26,2,engineeringbrails
2018-11-27,9,oscillatorpawn
2018-11-27,5,hygiearolles
2018-11-28,12,atomgaseous
2018-11-28,12,pesterprivate
2018-11-28,4,agendapyongyang
2018-11-28,8,floppydragster
2018-11-29,4,assuredcordial
2018-11-29,2,cingerspoppy
2018-11-30,4,plywoodtitan
2018-11-30,2,ladderembassy
2018-12-01,2,equalwheelchair
2018-12-02,1,modethaging
2018-12-02,13,hexnode
2018-12-02,2,curablegradient
2018-12-02,13,simplifyempty
2018-12-03,6,kungunlocking
2018-12-03,11,scorerviscosity
2018-12-04,3,chuffersecluding
2018-12-05,13,vaultingblow
2018-12-06,13,spiderrabbitsfoot
2018-12-06,2,practicalmoorhen
2018-12-06,12,nanosecondzestfully
2018-12-06,10,volumesturkey
2018-12-07,9,heightstrategic
2018-12-07,4,struggagehurler
2018-12-07,13,needtry
2018-12-08,5,unstoppednuzzle
2018-12-08,2,bootsoblongata
2018-12-08,9,chemistryavocado
2018-12-08,11,shetlandconnectdevelop
2018-12-09,14,lanthanumfiftieth
2018-12-10,8,vacantpurchase
2018-12-10,8,pantreading
2018-12-11,3,fishingsort
